timestamp,ticker,open,high,low,close,volume
2025-01-14 14:30:00+00:00,QQQ,508.75,510.16,505.45,505.46,0.0
2025-01-14 16:00:00+00:00,QQQ,505.46,507.28,502.02,503.65,0.0
2025-01-14 20:00:00+00:00,QQQ,503.65,505.15,501.58,505.08,0.0
2025-01-15 14:30:00+00:00,QQQ,513.07,516.71,511.46,514.64,0.0
2025-01-15 16:00:00+00:00,QQQ,514.64,517.41,512.91,517.02,0.0
2025-01-15 20:00:00+00:00,QQQ,517.02,517.85,516.47,516.54,0.0
2025-01-16 14:30:00+00:00,QQQ,518.99,519.06,515.19,517.34,0.0
2025-01-16 16:00:00+00:00,QQQ,517.34,518.53,513.47,516.13,0.0
2025-01-16 20:00:00+00:00,QQQ,516.13,516.64,512.98,513.09,0.0
2025-01-17 14:30:00+00:00,QQQ,522.88,523.01,518.93,521.61,0.0
2025-01-17 16:00:00+00:00,QQQ,521.61,523.46,520.78,522.25,0.0
2025-01-17 20:00:00+00:00,QQQ,522.25,522.65,521.27,521.74,0.0
2025-01-21 14:30:00+00:00,QQQ,524.5,524.68,520.05,522.66,0.0
2025-01-21 16:00:00+00:00,QQQ,522.66,525.97,521.71,524.87,0.0
2025-01-21 20:00:00+00:00,QQQ,524.87,525.64,524.24,524.68,0.0
2025-01-22 14:30:00+00:00,QQQ,529.55,532.58,529.27,531.45,0.0
2025-01-22 16:00:00+00:00,QQQ,531.45,533.83,531.32,532.54,0.0
2025-01-22 20:00:00+00:00,QQQ,532.54,532.57,531.13,531.53,0.0
2025-01-23 14:30:00+00:00,QQQ,529.02,530.29,528.45,530.05,0.0
2025-01-23 16:00:00+00:00,QQQ,530.05,531.3,529.22,530.55,0.0
2025-01-23 20:00:00+00:00,QQQ,530.55,532.75,530.32,532.73,0.0
2025-01-24 14:30:00+00:00,QQQ,532.99,533.79,531.41,531.59,0.0
2025-01-24 16:00:00+00:00,QQQ,531.59,532.76,528.15,528.71,0.0
2025-01-24 20:00:00+00:00,QQQ,528.71,529.91,528.44,529.64,0.0
2025-01-27 14:30:00+00:00,QQQ,510.97,517.99,510.54,515.45,0.0
2025-01-27 16:00:00+00:00,QQQ,515.45,515.79,510.16,511.03,0.0
2025-01-27 20:00:00+00:00,QQQ,511.03,514.19,510.9,514.04,0.0
2025-01-28 14:30:00+00:00,QQQ,515.18,519.56,511.78,518.91,0.0
2025-01-28 16:00:00+00:00,QQQ,518.91,523.0,517.28,522.75,0.0
2025-01-28 20:00:00+00:00,QQQ,522.75,522.95,521.36,521.87,0.0
2025-01-29 14:30:00+00:00,QQQ,522.49,522.62,519.01,520.22,0.0
2025-01-29 16:00:00+00:00,QQQ,520.22,521.92,516.89,520.97,0.0
2025-01-29 20:00:00+00:00,QQQ,520.97,522.48,519.17,520.8,0.0
2025-01-30 14:30:00+00:00,QQQ,523.75,526.1,519.21,519.23,0.0
2025-01-30 16:00:00+00:00,QQQ,519.23,523.99,518.21,523.96,0.0
2025-01-30 20:00:00+00:00,QQQ,523.96,524.94,520.7,523.13,0.0
2025-01-31 14:30:00+00:00,QQQ,526.97,531.32,526.73,530.84,0.0
2025-01-31 16:00:00+00:00,QQQ,530.84,531.52,522.36,524.23,0.0
2025-01-31 20:00:00+00:00,QQQ,524.23,524.23,521.19,522.29,0.0
2025-02-03 14:30:00+00:00,QQQ,513.51,519.25,511.04,518.48,0.0
2025-02-03 16:00:00+00:00,QQQ,518.48,520.85,516.54,520.06,0.0
2025-02-03 20:00:00+00:00,QQQ,520.06,520.55,517.94,518.14,0.0
2025-02-04 14:30:00+00:00,QQQ,518.6,524.79,518.21,523.67,0.0
2025-02-04 16:00:00+00:00,QQQ,523.67,525.11,521.68,523.77,0.0
2025-02-04 20:00:00+00:00,QQQ,523.77,524.95,523.48,524.56,0.0
2025-02-05 14:30:00+00:00,QQQ,521.8,523.09,520.61,522.77,0.0
2025-02-05 16:00:00+00:00,QQQ,522.77,526.37,522.09,525.58,0.0
2025-02-05 20:00:00+00:00,QQQ,525.58,527.02,525.1,526.86,0.0
2025-02-06 14:30:00+00:00,QQQ,527.33,529.03,526.39,527.19,0.0
2025-02-06 16:00:00+00:00,QQQ,527.19,528.84,525.74,526.59,0.0
2025-02-06 20:00:00+00:00,QQQ,526.59,529.82,526.31,529.6,0.0
2025-02-07 14:30:00+00:00,QQQ,530.16,532.09,523.67,526.22,0.0
2025-02-07 16:00:00+00:00,QQQ,526.22,527.03,522.46,523.46,0.0
2025-02-07 20:00:00+00:00,QQQ,523.46,523.74,522.16,522.94,0.0
2025-02-10 14:30:00+00:00,QQQ,527.25,530.36,526.74,529.66,0.0
2025-02-10 16:00:00+00:00,QQQ,529.66,530.18,528.52,529.62,0.0
2025-02-10 20:00:00+00:00,QQQ,529.62,529.92,528.93,529.22,0.0
2025-02-11 14:30:00+00:00,QQQ,525.92,529.91,525.83,529.18,0.0
2025-02-11 16:00:00+00:00,QQQ,529.18,529.38,526.16,528.82,0.0
2025-02-11 20:00:00+00:00,QQQ,528.82,529.16,527.36,527.96,0.0
2025-02-12 14:30:00+00:00,QQQ,522.26,527.6,521.95,526.56,0.0
2025-02-12 16:00:00+00:00,QQQ,526.56,529.19,524.6,528.94,0.0
2025-02-12 20:00:00+00:00,QQQ,528.94,529.14,527.67,528.33,0.0
2025-02-13 14:30:00+00:00,QQQ,530.01,534.57,529.19,534.07,0.0
2025-02-13 16:00:00+00:00,QQQ,534.07,534.98,530.54,534.54,0.0
2025-02-13 20:00:00+00:00,QQQ,534.54,536.21,534.45,535.88,0.0
2025-02-14 14:30:00+00:00,QQQ,536.1,537.61,535.66,537.44,0.0
2025-02-14 16:00:00+00:00,QQQ,537.44,538.42,535.71,537.79,0.0
2025-02-14 20:00:00+00:00,QQQ,537.79,538.85,537.33,538.14,0.0
2025-02-18 14:30:00+00:00,QQQ,539.76,540.0,536.57,538.06,0.0
2025-02-18 16:00:00+00:00,QQQ,538.06,538.74,536.03,537.81,0.0
2025-02-18 20:00:00+00:00,QQQ,537.81,539.32,537.39,539.3,0.0
2025-02-19 14:30:00+00:00,QQQ,538.6,538.93,536.44,537.49,0.0
2025-02-19 16:00:00+00:00,QQQ,537.49,540.82,537.46,540.71,0.0
2025-02-19 20:00:00+00:00,QQQ,540.71,540.71,538.53,539.56,0.0
2025-02-20 14:30:00+00:00,QQQ,538.74,539.11,532.45,533.38,0.0
2025-02-20 16:00:00+00:00,QQQ,533.38,536.72,533.26,536.46,0.0
2025-02-20 20:00:00+00:00,QQQ,536.46,537.24,535.68,537.18,0.0
2025-02-21 14:30:00+00:00,QQQ,538.35,538.4,532.46,534.04,0.0
2025-02-21 16:00:00+00:00,QQQ,534.04,534.59,525.8,526.29,0.0
2025-02-21 20:00:00+00:00,QQQ,526.29,527.06,525.7,526.1,0.0
2025-02-24 14:30:00+00:00,QQQ,527.91,529.07,520.18,521.54,0.0
2025-02-24 16:00:00+00:00,QQQ,521.54,525.68,521.18,523.04,0.0
2025-02-24 20:00:00+00:00,QQQ,523.04,523.42,519.53,519.83,0.0
2025-02-25 14:30:00+00:00,QQQ,519.17,519.32,510.37,512.24,0.0
2025-02-25 16:00:00+00:00,QQQ,512.24,516.5,509.42,514.58,0.0
2025-02-25 20:00:00+00:00,QQQ,514.58,516.04,512.59,513.3,0.0
2025-02-26 14:30:00+00:00,QQQ,515.54,518.8,514.38,518.32,0.0
2025-02-26 16:00:00+00:00,QQQ,518.32,519.7,511.36,512.09,0.0
2025-02-26 20:00:00+00:00,QQQ,512.09,515.24,511.69,514.45,0.0
2025-02-27 14:30:00+00:00,QQQ,518.12,519.09,507.33,510.33,0.0
2025-02-27 16:00:00+00:00,QQQ,510.33,513.75,504.92,505.89,0.0
2025-02-27 20:00:00+00:00,QQQ,505.89,506.02,500.06,500.31,0.0
2025-02-28 14:30:00+00:00,QQQ,500.07,504.69,496.93,504.26,0.0
2025-02-28 16:00:00+00:00,QQQ,504.26,504.65,497.54,503.03,0.0
2025-02-28 20:00:00+00:00,QQQ,503.03,508.77,502.38,508.21,0.0
2025-03-03 14:30:00+00:00,QQQ,511.5,513.05,504.27,506.69,0.0
2025-03-03 16:00:00+00:00,QQQ,506.69,509.76,500.41,500.51,0.0
2025-03-03 20:00:00+00:00,QQQ,500.51,500.59,493.59,497.34,0.0
2025-03-04 14:30:00+00:00,QQQ,494.23,496.33,487.72,490.68,0.0
2025-03-04 16:00:00+00:00,QQQ,490.68,501.23,488.53,500.96,0.0
2025-03-04 20:00:00+00:00,QQQ,500.96,503.73,493.76,495.52,0.0
2025-03-05 14:30:00+00:00,QQQ,496.2,498.06,492.57,495.53,0.0
2025-03-05 16:00:00+00:00,QQQ,495.53,503.3,491.25,501.83,0.0
2025-03-05 20:00:00+00:00,QQQ,501.83,503.64,500.68,502.09,0.0
2025-03-06 14:30:00+00:00,QQQ,493.67,498.59,491.64,496.59,0.0
2025-03-06 16:00:00+00:00,QQQ,496.59,498.18,486.19,487.35,0.0
2025-03-06 20:00:00+00:00,QQQ,487.35,489.87,486.8,488.33,0.0
2025-03-07 14:30:00+00:00,QQQ,487.17,492.19,483.56,486.8,0.0
2025-03-07 16:00:00+00:00,QQQ,486.8,492.98,480.59,491.01,0.0
2025-03-07 20:00:00+00:00,QQQ,491.01,493.28,488.7,491.82,0.0
2025-03-10 13:30:00+00:00,QQQ,483.51,483.97,474.7,476.33,0.0
2025-03-10 16:00:00+00:00,QQQ,476.33,477.6,468.65,473.31,0.0
2025-03-11 13:30:00+00:00,QQQ,472.33,477.08,468.54,472.39,0.0
2025-03-11 16:00:00+00:00,QQQ,472.39,478.81,467.01,471.66,0.0
2025-03-12 13:30:00+00:00,QQQ,479.12,481.08,471.79,477.59,0.0
2025-03-12 16:00:00+00:00,QQQ,477.59,479.9,475.14,477.08,0.0
2025-03-13 13:30:00+00:00,QQQ,476.21,476.33,469.05,469.5,0.0
2025-03-13 16:00:00+00:00,QQQ,469.5,471.93,466.42,468.38,0.0
2025-03-14 13:30:00+00:00,QQQ,473.75,479.55,473.17,478.99,0.0
2025-03-14 16:00:00+00:00,QQQ,478.99,480.55,477.16,479.66,0.0
2025-03-17 13:30:00+00:00,QQQ,479.62,483.14,477.79,479.07,0.0
2025-03-17 16:00:00+00:00,QQQ,479.07,485.85,478.43,482.74,0.0
2025-03-18 13:30:00+00:00,QQQ,479.43,479.49,472.4,473.71,0.0
2025-03-18 16:00:00+00:00,QQQ,473.71,476.64,473.47,474.73,0.0
2025-03-19 13:30:00+00:00,QQQ,476.85,480.39,474.85,479.98,0.0
2025-03-19 16:00:00+00:00,QQQ,479.98,485.34,476.59,480.78,0.0
2025-03-20 13:30:00+00:00,QQQ,476.86,484.55,476.17,481.75,0.0
2025-03-20 16:00:00+00:00,QQQ,481.75,483.01,477.24,479.28,0.0
2025-03-21 13:30:00+00:00,QQQ,474.14,477.77,472.9,475.34,0.0
2025-03-21 16:00:00+00:00,QQQ,475.34,481.6,474.62,481.05,0.0
2025-03-24 13:30:00+00:00,QQQ,487.76,490.52,487.12,490.1,0.0
2025-03-24 16:00:00+00:00,QQQ,490.1,491.47,489.0,490.47,0.0
2025-03-25 13:30:00+00:00,QQQ,491.37,493.61,490.43,492.35,0.0
2025-03-25 16:00:00+00:00,QQQ,492.35,493.56,491.37,493.44,0.0
2025-03-26 13:30:00+00:00,QQQ,492.34,493.19,485.87,486.42,0.0
2025-03-26 16:00:00+00:00,QQQ,486.42,487.02,482.82,484.42,0.0
2025-03-27 13:30:00+00:00,QQQ,482.44,486.58,480.23,482.91,0.0
2025-03-27 16:00:00+00:00,QQQ,482.91,485.49,481.13,481.6,0.0
2025-03-28 13:30:00+00:00,QQQ,479.8,480.52,470.92,470.92,0.0
2025-03-28 16:00:00+00:00,QQQ,470.92,471.89,468.05,469.02,0.0
2025-03-31 13:30:00+00:00,QQQ,461.95,464.27,457.32,463.29,0.0
2025-03-31 16:00:00+00:00,QQQ,463.29,469.86,462.14,468.92,0.0
2025-04-01 13:30:00+00:00,QQQ,467.28,472.73,464.41,472.38,0.0
2025-04-01 16:00:00+00:00,QQQ,472.38,473.62,467.38,472.63,0.0
2025-04-02 13:30:00+00:00,QQQ,466.1,475.33,465.86,474.25,0.0
2025-04-02 16:00:00+00:00,QQQ,474.25,479.57,472.68,476.16,0.0
2025-04-03 13:30:00+00:00,QQQ,456.41,460.08,451.57,455.54,0.0
2025-04-03 16:00:00+00:00,QQQ,455.54,457.99,450.14,450.69,0.0
2025-04-04 13:30:00+00:00,QQQ,438.07,440.36,426.1,431.55,0.0
2025-04-04 16:00:00+00:00,QQQ,431.55,433.88,423.06,423.2,0.0
2025-04-07 13:30:00+00:00,QQQ,408.57,443.15,402.4,419.77,0.0
2025-04-07 16:00:00+00:00,QQQ,419.77,430.15,415.56,423.94,0.0
2025-04-08 13:30:00+00:00,QQQ,438.14,443.14,433.4,435.83,0.0
2025-04-08 16:00:00+00:00,QQQ,435.83,436.29,409.81,416.22,0.0
2025-04-09 13:30:00+00:00,QQQ,415.49,424.95,415.43,418.18,0.0
2025-04-09 16:00:00+00:00,QQQ,418.18,467.83,417.21,465.06,0.0
2025-04-10 13:30:00+00:00,QQQ,453.67,455.58,440.8,441.29,0.0
2025-04-10 16:00:00+00:00,QQQ,441.29,450.8,432.66,446.21,0.0
2025-04-11 13:30:00+00:00,QQQ,444.72,450.39,441.34,448.39,0.0
2025-04-11 16:00:00+00:00,QQQ,448.39,455.75,447.53,454.25,0.0
2025-04-14 13:30:00+00:00,QQQ,464.5,465.04,454.16,454.78,0.0
2025-04-14 16:00:00+00:00,QQQ,454.78,461.14,452.63,457.39,0.0
2025-04-15 13:30:00+00:00,QQQ,458.57,462.38,457.14,460.12,0.0
2025-04-15 16:00:00+00:00,QQQ,460.12,461.11,456.16,457.98,0.0
2025-04-16 13:30:00+00:00,QQQ,449.03,452.62,447.22,449.1,0.0
2025-04-16 16:00:00+00:00,QQQ,449.1,449.79,437.74,444.25,0.0
2025-04-17 13:30:00+00:00,QQQ,447.16,447.38,441.36,443.25,0.0
2025-04-17 16:00:00+00:00,QQQ,443.25,447.74,442.71,444.08,0.0
2025-04-21 13:30:00+00:00,QQQ,438.21,439.09,430.0,430.22,0.0
2025-04-21 16:00:00+00:00,QQQ,430.22,433.97,427.94,433.25,0.0
2025-04-22 13:30:00+00:00,QQQ,438.85,444.63,437.61,444.33,0.0
2025-04-22 16:00:00+00:00,QQQ,444.33,447.58,440.29,444.38,0.0
2025-04-23 13:30:00+00:00,QQQ,458.23,463.37,454.51,456.42,0.0
2025-04-23 16:00:00+00:00,QQQ,456.42,458.58,452.88,454.35,0.0
2025-04-24 13:30:00+00:00,QQQ,456.5,464.62,455.83,463.39,0.0
2025-04-24 16:00:00+00:00,QQQ,463.39,467.67,462.86,467.21,0.0
2025-04-25 13:30:00+00:00,QQQ,467.01,469.5,465.38,468.48,0.0
2025-04-25 16:00:00+00:00,QQQ,468.48,473.1,468.15,472.54,0.0
2025-04-28 13:30:00+00:00,QQQ,473.0,474.81,467.28,468.16,0.0
2025-04-28 16:00:00+00:00,QQQ,468.16,473.74,466.02,472.46,0.0
2025-04-29 13:30:00+00:00,QQQ,470.11,474.66,469.55,472.85,0.0
2025-04-29 16:00:00+00:00,QQQ,472.85,476.42,471.22,475.39,0.0
2025-04-30 13:30:00+00:00,QQQ,467.17,470.88,462.43,470.58,0.0
2025-04-30 16:00:00+00:00,QQQ,470.58,477.21,468.03,475.46,0.0
2025-05-01 13:30:00+00:00,QQQ,483.45,487.19,480.85,483.24,0.0
2025-05-01 16:00:00+00:00,QQQ,483.24,485.34,480.74,481.2,0.0
2025-05-02 13:30:00+00:00,QQQ,486.53,489.24,484.83,489.0,0.0
2025-05-02 16:00:00+00:00,QQQ,489.0,490.92,487.97,488.87,0.0
2025-05-05 13:30:00+00:00,QQQ,484.63,487.39,484.1,486.88,0.0
2025-05-05 16:00:00+00:00,QQQ,486.88,489.03,485.49,485.95,0.0
2025-05-06 13:30:00+00:00,QQQ,479.52,483.31,478.18,481.96,0.0
2025-05-06 16:00:00+00:00,QQQ,481.96,485.05,480.54,481.43,0.0
2025-05-07 13:30:00+00:00,QQQ,482.1,484.01,479.42,480.88,0.0
2025-05-07 16:00:00+00:00,QQQ,480.88,485.8,476.78,483.34,0.0
2025-05-08 13:30:00+00:00,QQQ,488.5,492.18,484.17,491.12,0.0
2025-05-08 16:00:00+00:00,QQQ,491.12,492.7,487.98,488.24,0.0
2025-05-09 13:30:00+00:00,QQQ,490.19,491.53,486.17,488.88,0.0
2025-05-09 16:00:00+00:00,QQQ,488.88,489.22,486.25,488.06,0.0
2025-05-12 13:30:00+00:00,QQQ,507.02,507.05,501.47,503.33,0.0
2025-05-12 16:00:00+00:00,QQQ,503.33,507.89,503.12,507.79,0.0
2025-05-13 13:30:00+00:00,QQQ,509.17,516.36,508.41,515.89,0.0
2025-05-13 16:00:00+00:00,QQQ,515.89,517.38,515.12,515.59,0.0
2025-05-14 13:30:00+00:00,QQQ,516.75,518.93,515.77,518.2,0.0
2025-05-14 16:00:00+00:00,QQQ,518.2,519.23,515.92,518.69,0.0
2025-05-15 13:30:00+00:00,QQQ,516.53,519.93,515.17,519.51,0.0
2025-05-15 16:00:00+00:00,QQQ,519.51,521.94,516.47,519.28,0.0
2025-05-16 13:30:00+00:00,QQQ,520.67,520.72,517.09,519.3,0.0
2025-05-16 16:00:00+00:00,QQQ,519.3,521.71,519.14,521.54,0.0
2025-05-19 13:30:00+00:00,QQQ,514.27,520.89,514.27,519.87,0.0
2025-05-19 16:00:00+00:00,QQQ,519.87,522.54,519.73,522.02,0.0
2025-05-20 13:30:00+00:00,QQQ,519.45,520.39,518.06,520.0,0.0
2025-05-20 16:00:00+00:00,QQQ,520.0,520.92,516.65,520.24,0.0
2025-05-21 13:30:00+00:00,QQQ,516.27,522.44,516.21,521.97,0.0
2025-05-21 16:00:00+00:00,QQQ,521.97,523.0,511.23,513.06,0.0
2025-05-22 13:30:00+00:00,QQQ,513.67,517.54,512.3,516.13,0.0
2025-05-22 16:00:00+00:00,QQQ,516.13,517.72,513.58,514.0,0.0
2025-05-23 13:30:00+00:00,QQQ,506.2,510.03,505.58,508.27,0.0
2025-05-23 16:00:00+00:00,QQQ,508.27,511.84,507.87,509.29,0.0
2025-05-27 13:30:00+00:00,QQQ,516.17,519.72,514.58,519.57,0.0
2025-05-27 16:00:00+00:00,QQQ,519.57,521.71,519.46,521.21,0.0
2025-05-28 13:30:00+00:00,QQQ,522.21,523.65,520.29,520.54,0.0
2025-05-28 16:00:00+00:00,QQQ,520.54,522.39,518.39,518.96,0.0
2025-05-29 13:30:00+00:00,QQQ,526.33,526.49,517.9,518.46,0.0
2025-05-29 16:00:00+00:00,QQQ,518.46,521.64,517.32,519.97,0.0
2025-05-30 13:30:00+00:00,QQQ,519.46,519.87,515.89,518.01,0.0
2025-05-30 16:00:00+00:00,QQQ,518.01,520.69,511.93,519.13,0.0
2025-06-02 13:30:00+00:00,QQQ,517.25,521.36,515.97,520.77,0.0
2025-06-02 16:00:00+00:00,QQQ,520.77,523.46,519.99,523.21,0.0
2025-06-03 13:30:00+00:00,QQQ,523.57,527.0,522.72,526.92,0.0
2025-06-03 16:00:00+00:00,QQQ,526.92,528.74,525.76,527.42,0.0
2025-06-04 13:30:00+00:00,QQQ,528.01,529.67,525.96,528.7,0.0
2025-06-04 16:00:00+00:00,QQQ,528.7,529.84,527.53,528.76,0.0
2025-06-05 13:30:00+00:00,QQQ,530.16,533.03,527.27,532.79,0.0
2025-06-05 16:00:00+00:00,QQQ,532.79,532.86,522.67,524.7,0.0
2025-06-06 13:30:00+00:00,QQQ,530.01,531.7,528.56,530.25,0.0
2025-06-06 16:00:00+00:00,QQQ,530.25,531.8,528.2,529.85,0.0
2025-06-09 13:30:00+00:00,QQQ,530.13,532.32,529.0,531.14,0.0
2025-06-09 16:00:00+00:00,QQQ,531.14,532.23,530.58,530.69,0.0
2025-06-10 13:30:00+00:00,QQQ,531.15,532.55,528.89,532.08,0.0
2025-06-10 16:00:00+00:00,QQQ,532.08,534.9,530.76,534.27,0.0
2025-06-11 13:30:00+00:00,QQQ,535.63,536.79,533.19,535.04,0.0
2025-06-11 16:00:00+00:00,QQQ,535.04,535.62,530.1,532.44,0.0
2025-06-12 13:30:00+00:00,QQQ,531.06,534.65,530.84,533.33,0.0
2025-06-12 16:00:00+00:00,QQQ,533.33,534.43,532.6,533.68,0.0
2025-06-13 13:30:00+00:00,QQQ,527.65,531.6,526.13,531.37,0.0
2025-06-13 16:00:00+00:00,QQQ,531.37,531.87,525.74,526.93,0.0
2025-06-16 13:30:00+00:00,QQQ,530.5,535.37,530.45,534.15,0.0
2025-06-16 16:00:00+00:00,QQQ,534.15,535.06,533.32,534.25,0.0
2025-06-17 13:30:00+00:00,QQQ,531.68,533.33,530.8,532.43,0.0
2025-06-17 16:00:00+00:00,QQQ,532.43,533.25,527.9,529.0,0.0
2025-06-18 13:30:00+00:00,QQQ,530.08,532.55,528.49,531.13,0.0
2025-06-18 16:00:00+00:00,QQQ,531.13,532.07,527.42,528.97,0.0
2025-06-20 13:30:00+00:00,QQQ,532.24,533.57,525.09,526.84,0.0
2025-06-20 16:00:00+00:00,QQQ,526.84,528.38,524.88,526.71,0.0
2025-06-23 13:30:00+00:00,QQQ,526.81,530.35,524.14,528.45,0.0
2025-06-23 16:00:00+00:00,QQQ,528.45,532.17,523.64,531.71,0.0
2025-06-24 13:30:00+00:00,QQQ,536.91,539.3,536.26,538.69,0.0
2025-06-24 16:00:00+00:00,QQQ,538.69,540.7,538.58,539.74,0.0
2025-06-25 13:30:00+00:00,QQQ,542.08,543.32,540.36,540.71,0.0
2025-06-25 16:00:00+00:00,QQQ,540.71,541.23,539.37,541.15,0.0
2025-06-26 13:30:00+00:00,QQQ,543.38,544.88,541.51,544.72,0.0
2025-06-26 16:00:00+00:00,QQQ,544.72,546.68,544.41,546.21,0.0
2025-06-27 13:30:00+00:00,QQQ,547.22,549.93,546.74,549.67,0.0
2025-06-27 16:00:00+00:00,QQQ,549.67,549.67,544.54,548.21,0.0
2025-06-30 13:30:00+00:00,QQQ,551.23,551.32,549.35,550.52,0.0
2025-06-30 16:00:00+00:00,QQQ,550.52,552.8,549.04,551.58,0.0
2025-07-01 13:30:00+00:00,QQQ,549.75,550.72,544.65,546.22,0.0
2025-07-01 16:00:00+00:00,QQQ,546.22,548.7,545.57,546.98,0.0
2025-07-02 13:30:00+00:00,QQQ,546.14,550.76,546.11,550.19,0.0
2025-07-02 16:00:00+00:00,QQQ,550.19,551.0,549.87,550.81,0.0
2025-07-03 13:30:00+00:00,QQQ,553.21,557.2,553.18,556.79,0.0
2025-07-03 16:00:00+00:00,QQQ,556.79,557.06,555.48,556.18,0.0
2025-07-07 13:30:00+00:00,QQQ,553.5,554.34,552.04,553.13,0.0
2025-07-07 16:00:00+00:00,QQQ,553.13,553.93,549.57,552.06,0.0
2025-07-08 13:30:00+00:00,QQQ,553.36,553.56,551.1,552.65,0.0
2025-07-08 16:00:00+00:00,QQQ,552.65,554.01,551.81,552.32,0.0
2025-07-09 13:30:00+00:00,QQQ,554.46,557.64,553.09,553.79,0.0
2025-07-09 16:00:00+00:00,QQQ,553.79,556.38,553.54,556.25,0.0
2025-07-10 13:30:00+00:00,QQQ,556.88,557.31,552.74,555.69,0.0
2025-07-10 16:00:00+00:00,QQQ,555.69,556.3,554.23,555.48,0.0
2025-07-11 13:30:00+00:00,QQQ,553.29,555.51,552.03,554.72,0.0
2025-07-11 16:00:00+00:00,QQQ,554.72,555.8,553.47,554.21,0.0
2025-07-14 13:30:00+00:00,QQQ,554.02,555.92,551.63,555.58,0.0
2025-07-14 16:00:00+00:00,QQQ,555.58,556.95,555.35,556.17,0.0
2025-07-15 13:30:00+00:00,QQQ,560.25,560.81,557.75,559.24,0.0
2025-07-15 16:00:00+00:00,QQQ,559.24,559.76,556.66,556.71,0.0
2025-07-16 13:30:00+00:00,QQQ,557.31,557.68,551.56,555.28,0.0
2025-07-16 16:00:00+00:00,QQQ,555.28,557.94,554.38,557.34,0.0
2025-07-17 13:30:00+00:00,QQQ,558.01,561.67,557.2,561.59,0.0
2025-07-17 16:00:00+00:00,QQQ,561.59,562.3,561.29,561.82,0.0
2025-07-18 13:30:00+00:00,QQQ,563.1,563.34,560.31,561.81,0.0
2025-07-18 16:00:00+00:00,QQQ,561.81,561.86,560.01,561.26,0.0
2025-07-21 13:30:00+00:00,QQQ,562.1,566.07,562.08,565.17,0.0
2025-07-21 16:00:00+00:00,QQQ,565.17,566.05,563.79,564.15,0.0
2025-07-22 13:30:00+00:00,QQQ,564.3,564.35,558.6,560.95,0.0
2025-07-22 16:00:00+00:00,QQQ,560.95,562.14,559.77,561.29,0.0
2025-07-23 13:30:00+00:00,QQQ,562.33,563.08,559.57,562.22,0.0
2025-07-23 16:00:00+00:00,QQQ,562.22,563.84,560.7,563.84,0.0
2025-07-24 13:30:00+00:00,QQQ,565.11,565.78,563.29,565.42,0.0
2025-07-24 16:00:00+00:00,QQQ,565.42,566.24,564.27,565.09,0.0
2025-07-25 13:30:00+00:00,QQQ,564.93,566.52,564.26,566.39,0.0
2025-07-25 16:00:00+00:00,QQQ,566.39,567.7,566.05,566.38,0.0
2025-07-28 13:30:00+00:00,QQQ,567.72,569.04,566.86,568.24,0.0
2025-07-28 16:00:00+00:00,QQQ,568.24,568.57,566.94,568.21,0.0
2025-07-29 13:30:00+00:00,QQQ,570.79,572.12,566.92,568.5,0.0
2025-07-29 16:00:00+00:00,QQQ,568.5,568.96,566.52,567.33,0.0
2025-07-30 13:30:00+00:00,QQQ,568.15,569.47,567.26,569.2,0.0
2025-07-30 16:00:00+00:00,QQQ,569.2,570.63,565.04,568.13,0.0
2025-07-31 13:30:00+00:00,QQQ,574.56,574.65,568.17,570.61,0.0
2025-07-31 16:00:00+00:00,QQQ,570.61,571.42,563.86,564.97,0.0
2025-08-01 13:30:00+00:00,QQQ,558.87,559.03,551.87,556.92,0.0
2025-08-01 16:00:00+00:00,QQQ,556.92,557.85,551.69,553.86,0.0
2025-08-04 13:30:00+00:00,QQQ,559.08,563.2,558.96,562.97,0.0
2025-08-04 16:00:00+00:00,QQQ,562.97,564.32,562.68,564.1,0.0
2025-08-05 13:30:00+00:00,QQQ,565.39,566.57,559.72,560.75,0.0
2025-08-05 16:00:00+00:00,QQQ,560.75,563.07,559.78,560.2,0.0
2025-08-06 13:30:00+00:00,QQQ,561.1,566.1,560.62,565.92,0.0
2025-08-06 16:00:00+00:00,QQQ,565.92,567.77,565.36,567.31,0.0
2025-08-07 13:30:00+00:00,QQQ,571.64,573.32,568.68,569.18,0.0
2025-08-07 16:00:00+00:00,QQQ,569.18,569.56,565.1,569.25,0.0
2025-08-08 13:30:00+00:00,QQQ,570.43,574.27,570.14,573.75,0.0
2025-08-08 16:00:00+00:00,QQQ,573.75,574.78,573.13,574.56,0.0
2025-08-11 13:30:00+00:00,QQQ,574.69,575.93,573.83,575.83,0.0
2025-08-11 16:00:00+00:00,QQQ,575.83,576.81,571.56,572.75,0.0
2025-08-12 13:30:00+00:00,QQQ,575.14,578.47,572.48,578.39,0.0
2025-08-12 16:00:00+00:00,QQQ,578.39,580.36,577.88,580.02,0.0
2025-08-13 13:30:00+00:00,QQQ,582.77,583.32,579.06,579.88,0.0
2025-08-13 16:00:00+00:00,QQQ,579.88,580.65,578.93,580.35,0.0
2025-08-14 13:30:00+00:00,QQQ,578.3,581.88,577.9,580.09,0.0
2025-08-14 16:00:00+00:00,QQQ,580.09,581.24,578.46,579.87,0.0
2025-08-15 13:30:00+00:00,QQQ,579.8,579.85,575.57,576.84,0.0
2025-08-15 16:00:00+00:00,QQQ,576.84,578.27,576.24,577.24,0.0
2025-08-18 13:30:00+00:00,QQQ,576.43,577.77,575.24,575.93,0.0
2025-08-18 16:00:00+00:00,QQQ,575.93,577.58,575.33,577.11,0.0
2025-08-19 13:30:00+00:00,QQQ,576.36,576.57,570.38,571.46,0.0
2025-08-19 16:00:00+00:00,QQQ,571.46,571.92,568.24,569.27,0.0
2025-08-20 13:30:00+00:00,QQQ,568.32,568.46,558.83,562.13,0.0
2025-08-20 16:00:00+00:00,QQQ,562.13,566.89,562.05,565.86,0.0
2025-08-21 13:30:00+00:00,QQQ,564.34,566.5,561.85,563.02,0.0
2025-08-21 16:00:00+00:00,QQQ,563.02,564.21,560.97,563.32,0.0
2025-08-22 13:30:00+00:00,QQQ,564.68,574.0,563.26,572.06,0.0
2025-08-22 16:00:00+00:00,QQQ,572.06,573.41,570.56,571.99,0.0
2025-08-25 13:30:00+00:00,QQQ,570.39,573.29,569.16,572.93,0.0
2025-08-25 16:00:00+00:00,QQQ,572.93,573.24,570.17,570.36,0.0
2025-08-26 13:30:00+00:00,QQQ,569.82,571.77,568.79,570.97,0.0
2025-08-26 16:00:00+00:00,QQQ,570.97,572.93,570.03,572.63,0.0
2025-08-27 13:30:00+00:00,QQQ,571.62,573.77,570.36,573.6,0.0
2025-08-27 16:00:00+00:00,QQQ,573.6,574.41,571.64,573.55,0.0
2025-08-28 13:30:00+00:00,QQQ,574.1,576.78,572.45,575.21,0.0
2025-08-28 16:00:00+00:00,QQQ,575.21,577.99,575.08,577.07,0.0
2025-08-29 13:30:00+00:00,QQQ,574.65,575.03,568.94,569.34,0.0
2025-08-29 16:00:00+00:00,QQQ,569.34,570.85,568.56,570.26,0.0
2025-09-02 13:30:00+00:00,QQQ,561.33,565.7,559.52,560.1,0.0
2025-09-02 16:00:00+00:00,QQQ,560.1,565.97,559.84,565.63,0.0
2025-09-03 13:30:00+00:00,QQQ,569.27,571.7,567.98,569.08,0.0
2025-09-03 16:00:00+00:00,QQQ,569.08,570.25,566.72,569.99,0.0
2025-09-04 13:30:00+00:00,QQQ,570.73,572.54,569.02,572.12,0.0
2025-09-04 16:00:00+00:00,QQQ,572.12,575.6,571.51,575.26,0.0
2025-09-05 13:30:00+00:00,QQQ,580.47,581.13,571.52,574.26,0.0
2025-09-05 16:00:00+00:00,QQQ,574.26,576.12,573.49,576.04,0.0
2025-09-08 13:30:00+00:00,QQQ,578.35,580.85,578.05,580.5,0.0
2025-09-08 16:00:00+00:00,QQQ,580.5,580.51,577.77,578.82,0.0
2025-09-09 13:30:00+00:00,QQQ,579.65,580.21,577.03,578.45,0.0
2025-09-09 16:00:00+00:00,QQQ,578.45,580.93,578.38,580.48,0.0
2025-09-10 13:30:00+00:00,QQQ,583.73,583.77,581.32,582.5,0.0
2025-09-10 16:00:00+00:00,QQQ,582.5,582.52,578.55,580.7,0.0
2025-09-11 13:30:00+00:00,QQQ,583.24,584.89,581.62,584.37,0.0
2025-09-11 16:00:00+00:00,QQQ,584.37,584.87,583.66,584.09,0.0
2025-09-12 13:30:00+00:00,QQQ,585.03,586.83,584.09,586.24,0.0
2025-09-12 16:00:00+00:00,QQQ,586.24,587.87,585.77,586.65,0.0
2025-09-15 13:30:00+00:00,QQQ,588.42,591.14,588.29,590.9,0.0
2025-09-15 16:00:00+00:00,QQQ,590.9,591.78,590.08,591.7,0.0
2025-09-16 13:30:00+00:00,QQQ,592.59,592.87,590.55,590.72,0.0
2025-09-16 16:00:00+00:00,QQQ,590.72,592.06,590.48,591.17,0.0
2025-09-17 13:30:00+00:00,QQQ,591.11,591.58,588.14,588.39,0.0
2025-09-17 16:00:00+00:00,QQQ,588.39,591.76,584.36,589.93,0.0
2025-09-18 13:30:00+00:00,QQQ,594.93,598.14,592.95,596.29,0.0
2025-09-18 16:00:00+00:00,QQQ,596.29,597.69,595.29,595.38,0.0
2025-09-19 13:30:00+00:00,QQQ,597.31,598.43,595.87,597.36,0.0
2025-09-19 16:00:00+00:00,QQQ,597.36,600.05,597.32,599.46,0.0
2025-09-22 13:30:00+00:00,QQQ,597.73,600.73,597.71,600.12,0.0
2025-09-22 16:00:00+00:00,QQQ,600.12,602.87,600.09,602.25,0.0
2025-09-23 13:30:00+00:00,QQQ,602.35,602.58,600.6,601.0,0.0
2025-09-23 16:00:00+00:00,QQQ,601.0,601.21,596.98,598.18,0.0
2025-09-24 13:30:00+00:00,QQQ,599.56,599.91,594.55,594.6,0.0
2025-09-24 16:00:00+00:00,QQQ,594.6,596.43,593.35,596.06,0.0
2025-09-25 13:30:00+00:00,QQQ,592.22,595.12,588.49,594.67,0.0
2025-09-25 16:00:00+00:00,QQQ,594.67,595.01,589.25,593.53,0.0
2025-09-26 13:30:00+00:00,QQQ,594.33,596.2,591.05,592.56,0.0
2025-09-26 16:00:00+00:00,QQQ,592.56,596.31,592.26,596.05,0.0
2025-09-29 13:30:00+00:00,QQQ,599.12,602.0,598.63,599.07,0.0
2025-09-29 16:00:00+00:00,QQQ,599.07,599.56,597.4,598.75,0.0
2025-09-30 13:30:00+00:00,QQQ,598.46,599.42,596.09,598.2,0.0
2025-09-30 16:00:00+00:00,QQQ,598.2,600.72,596.32,600.33,0.0
2025-10-01 13:30:00+00:00,QQQ,597.19,601.46,596.33,601.29,0.0
2025-10-01 16:00:00+00:00,QQQ,601.29,603.8,601.2,603.27,0.0
2025-10-02 13:30:00+00:00,QQQ,607.05,607.16,602.92,604.98,0.0
2025-10-02 16:00:00+00:00,QQQ,604.98,606.16,603.96,605.7,0.0
2025-10-03 13:30:00+00:00,QQQ,606.51,607.33,604.51,606.76,0.0
2025-10-03 16:00:00+00:00,QQQ,606.76,607.02,601.36,603.15,0.0
2025-10-06 13:30:00+00:00,QQQ,608.43,608.62,605.97,608.3,0.0
2025-10-06 16:00:00+00:00,QQQ,608.3,609.37,607.62,607.72,0.0
2025-10-07 13:30:00+00:00,QQQ,609.06,609.72,603.03,604.13,0.0
2025-10-07 16:00:00+00:00,QQQ,604.13,605.64,603.2,604.48,0.0
2025-10-08 13:30:00+00:00,QQQ,605.38,609.69,605.25,609.54,0.0
2025-10-08 16:00:00+00:00,QQQ,609.54,611.75,609.02,611.43,0.0
2025-10-09 13:30:00+00:00,QQQ,611.47,611.61,608.22,609.93,0.0
2025-10-09 16:00:00+00:00,QQQ,609.93,610.75,607.47,610.71,0.0
2025-10-10 13:30:00+00:00,QQQ,611.42,613.18,595.92,599.71,0.0
2025-10-10 16:00:00+00:00,QQQ,599.71,600.23,589.05,589.49,0.0
2025-10-13 13:30:00+00:00,QQQ,599.71,601.75,597.22,601.27,0.0
2025-10-13 16:00:00+00:00,QQQ,601.27,602.96,600.7,602.05,0.0
2025-10-14 13:30:00+00:00,QQQ,595.29,600.08,590.12,599.26,0.0
2025-10-14 16:00:00+00:00,QQQ,599.26,602.7,596.36,598.04,0.0
2025-10-15 13:30:00+00:00,QQQ,604.03,606.72,601.02,602.44,0.0
2025-10-15 16:00:00+00:00,QQQ,602.44,603.81,595.91,602.15,0.0
2025-10-16 13:30:00+00:00,QQQ,605.11,608.32,602.76,603.37,0.0
2025-10-16 16:00:00+00:00,QQQ,603.37,603.97,595.49,599.98,0.0
2025-10-17 13:30:00+00:00,QQQ,597.93,603.33,596.36,600.6,0.0
2025-10-17 16:00:00+00:00,QQQ,600.6,605.51,600.1,603.93,0.0
2025-10-20 13:30:00+00:00,QQQ,607.14,612.58,607.05,611.9,0.0
2025-10-20 16:00:00+00:00,QQQ,611.9,612.8,611.26,611.55,0.0
2025-10-21 13:30:00+00:00,QQQ,611.63,612.25,609.31,612.14,0.0
2025-10-21 16:00:00+00:00,QQQ,612.14,612.73,610.37,611.38,0.0
2025-10-22 13:30:00+00:00,QQQ,610.82,611.41,604.49,606.83,0.0
2025-10-22 16:00:00+00:00,QQQ,606.83,607.08,599.73,605.4,0.0
2025-10-23 13:30:00+00:00,QQQ,604.89,609.7,604.51,609.17,0.0
2025-10-23 16:00:00+00:00,QQQ,609.17,611.38,608.93,610.61,0.0
2025-10-24 13:30:00+00:00,QQQ,616.03,617.9,615.12,617.34,0.0
2025-10-24 16:00:00+00:00,QQQ,617.34,618.42,616.75,617.0,0.0
2025-10-27 13:30:00+00:00,QQQ,624.51,626.75,624.03,626.4,0.0
2025-10-27 16:00:00+00:00,QQQ,626.4,628.55,626.3,628.08,0.0
2025-10-28 13:30:00+00:00,QQQ,630.35,631.37,629.24,630.53,0.0
2025-10-28 16:00:00+00:00,QQQ,630.53,634.69,630.51,632.9,0.0
2025-10-29 13:30:00+00:00,QQQ,635.57,637.02,634.4,634.88,0.0
2025-10-29 16:00:00+00:00,QQQ,634.88,636.03,630.23,635.87,0.0
2025-10-30 13:30:00+00:00,QQQ,632.17,633.49,627.75,628.97,0.0
2025-10-30 16:00:00+00:00,QQQ,628.97,631.51,625.98,626.02,0.0
2025-10-31 13:30:00+00:00,QQQ,634.18,634.2,630.55,630.59,0.0
2025-10-31 16:00:00+00:00,QQQ,630.59,632.24,626.69,629.2,0.0
2025-11-03 14:30:00+00:00,QQQ,635.12,635.83,629.84,631.62,0.0
2025-11-03 16:00:00+00:00,QQQ,631.62,633.42,630.5,632.26,0.0
2025-11-03 20:00:00+00:00,QQQ,632.26,632.47,631.17,632.1,0.0
2025-11-04 14:30:00+00:00,QQQ,623.26,626.95,621.36,624.4,0.0
2025-11-04 16:00:00+00:00,QQQ,624.4,625.22,619.23,619.97,0.0
2025-11-04 20:00:00+00:00,QQQ,619.97,620.84,618.45,619.24,0.0
2025-11-05 14:30:00+00:00,QQQ,618.5,623.2,617.2,622.82,0.0
2025-11-05 16:00:00+00:00,QQQ,622.82,626.57,621.33,626.25,0.0
2025-11-05 20:00:00+00:00,QQQ,626.25,626.6,623.05,623.29,0.0
2025-11-06 14:30:00+00:00,QQQ,621.77,622.05,612.52,612.83,0.0
2025-11-06 16:00:00+00:00,QQQ,612.83,616.14,610.3,615.29,0.0
2025-11-06 20:00:00+00:00,QQQ,615.29,615.55,610.94,611.71,0.0
2025-11-07 14:30:00+00:00,QQQ,608.35,608.35,601.41,601.42,0.0
2025-11-07 16:00:00+00:00,QQQ,601.42,608.59,598.67,608.54,0.0
2025-11-07 20:00:00+00:00,QQQ,608.54,609.95,606.33,609.75,0.0
2025-11-10 14:30:00+00:00,QQQ,618.9,622.05,618.42,618.58,0.0
2025-11-10 16:00:00+00:00,QQQ,618.58,623.25,616.88,622.9,0.0
2025-11-10 20:00:00+00:00,QQQ,622.9,624.3,622.77,623.19,0.0
2025-11-11 14:30:00+00:00,QQQ,620.6,621.58,617.68,618.33,0.0
2025-11-11 16:00:00+00:00,QQQ,618.33,622.73,617.52,621.95,0.0
2025-11-11 20:00:00+00:00,QQQ,621.95,622.59,620.88,621.51,0.0
2025-11-12 14:30:00+00:00,QQQ,624.82,624.86,618.84,619.44,0.0
2025-11-12 16:00:00+00:00,QQQ,619.44,621.41,617.8,620.04,0.0
2025-11-12 20:00:00+00:00,QQQ,620.04,621.71,619.16,621.08,0.0
2025-11-13 14:30:00+00:00,QQQ,617.57,618.13,610.8,612.3,0.0
2025-11-13 16:00:00+00:00,QQQ,612.3,612.77,606.08,607.33,0.0
2025-11-13 20:00:00+00:00,QQQ,607.33,609.53,606.39,608.4,0.0
2025-11-14 14:30:00+00:00,QQQ,599.52,610.59,597.17,609.73,0.0
2025-11-14 16:00:00+00:00,QQQ,609.73,613.36,607.92,611.79,0.0
2025-11-14 20:00:00+00:00,QQQ,611.79,612.35,607.97,608.83,0.0
2025-11-17 14:30:00+00:00,QQQ,606.3,612.49,605.25,608.3,0.0
2025-11-17 16:00:00+00:00,QQQ,608.3,611.19,600.4,600.45,0.0
2025-11-17 20:00:00+00:00,QQQ,600.45,603.74,599.87,603.65,0.0
2025-11-18 14:30:00+00:00,QQQ,599.59,602.31,592.57,593.27,0.0
2025-11-18 16:00:00+00:00,QQQ,593.27,601.79,591.38,600.96,0.0
2025-11-18 20:00:00+00:00,QQQ,600.96,601.45,596.18,596.34,0.0
2025-11-19 14:30:00+00:00,QQQ,597.05,606.17,596.13,600.9,0.0
2025-11-19 16:00:00+00:00,QQQ,600.9,601.32,594.59,598.21,0.0
2025-11-19 20:00:00+00:00,QQQ,598.21,602.33,597.87,599.78,0.0
2025-11-20 14:30:00+00:00,QQQ,611.6,614.04,610.1,610.48,0.0
2025-11-20 16:00:00+00:00,QQQ,610.48,610.54,587.34,591.97,0.0
2025-11-20 20:00:00+00:00,QQQ,591.97,591.98,584.74,585.66,0.0
2025-11-21 14:30:00+00:00,QQQ,587.49,589.78,580.73,583.05,0.0
2025-11-21 16:00:00+00:00,QQQ,583.05,596.98,580.94,593.63,0.0
2025-11-21 20:00:00+00:00,QQQ,593.63,594.57,589.43,590.15,0.0
2025-11-24 14:30:00+00:00,QQQ,595.25,602.38,595.15,601.49,0.0
2025-11-24 16:00:00+00:00,QQQ,601.49,605.89,601.47,604.73,0.0
2025-11-24 20:00:00+00:00,QQQ,604.73,606.69,604.71,605.31,0.0
2025-11-25 14:30:00+00:00,QQQ,603.49,604.07,597.32,602.56,0.0
2025-11-25 16:00:00+00:00,QQQ,602.56,608.43,601.49,607.31,0.0
2025-11-25 20:00:00+00:00,QQQ,607.31,610.27,607.27,608.9,0.0
2025-11-26 14:30:00+00:00,QQQ,612.49,613.9,610.39,613.61,0.0
2025-11-26 16:00:00+00:00,QQQ,613.61,616.19,613.5,615.17,0.0
2025-11-26 20:00:00+00:00,QQQ,615.17,615.86,614.27,614.32,0.0
2025-11-28 14:30:00+00:00,QQQ,616.12,617.58,615.41,617.3,0.0
2025-11-28 16:00:00+00:00,QQQ,617.3,619.24,616.27,619.18,0.0
2025-12-01 14:30:00+00:00,QQQ,613.6,617.61,612.51,617.44,0.0
2025-12-01 16:00:00+00:00,QQQ,617.44,619.45,615.27,616.5,0.0
2025-12-01 20:00:00+00:00,QQQ,616.5,617.66,616.29,617.2,0.0
2025-12-02 14:30:00+00:00,QQQ,619.45,623.76,618.96,623.2,0.0
2025-12-02 16:00:00+00:00,QQQ,623.2,623.58,617.58,622.88,0.0
2025-12-02 20:00:00+00:00,QQQ,622.88,623.22,621.84,622.06,0.0
2025-12-03 14:30:00+00:00,QQQ,619.59,622.29,618.02,621.26,0.0
2025-12-03 16:00:00+00:00,QQQ,621.26,623.91,620.25,623.85,0.0
2025-12-03 20:00:00+00:00,QQQ,623.85,624.23,623.15,623.53,0.0
2025-12-04 14:30:00+00:00,QQQ,624.9,624.93,620.31,621.5,0.0
2025-12-04 16:00:00+00:00,QQQ,621.5,623.47,619.54,621.96,0.0
2025-12-04 20:00:00+00:00,QQQ,621.96,623.02,621.04,622.86,0.0
2025-12-05 14:30:00+00:00,QQQ,624.39,628.93,624.23,625.95,0.0
2025-12-05 16:00:00+00:00,QQQ,625.95,626.53,623.7,625.79,0.0
2025-12-05 20:00:00+00:00,QQQ,625.79,625.86,624.32,625.51,0.0
2025-12-08 14:30:00+00:00,QQQ,627.19,628.84,623.74,624.07,0.0
2025-12-08 16:00:00+00:00,QQQ,624.07,624.88,621.68,622.34,0.0
2025-12-08 20:00:00+00:00,QQQ,622.34,624.28,622.09,624.19,0.0
2025-12-09 14:30:00+00:00,QQQ,623.04,624.67,621.61,624.64,0.0
2025-12-09 16:00:00+00:00,QQQ,624.64,625.88,624.26,625.1,0.0
2025-12-09 20:00:00+00:00,QQQ,625.1,625.56,624.74,625.12,0.0
2025-12-10 14:30:00+00:00,QQQ,623.83,624.46,621.51,621.9,0.0
2025-12-10 16:00:00+00:00,QQQ,621.9,628.37,621.0,628.14,0.0
2025-12-10 20:00:00+00:00,QQQ,628.14,629.2,627.24,627.55,0.0
2025-12-11 14:30:00+00:00,QQQ,623.82,623.96,617.72,621.13,0.0
2025-12-11 16:00:00+00:00,QQQ,621.13,625.79,619.3,624.98,0.0
2025-12-11 20:00:00+00:00,QQQ,624.98,625.73,624.26,625.6,0.0
2025-12-12 14:30:00+00:00,QQQ,622.07,623.55,613.71,614.35,0.0
2025-12-12 16:00:00+00:00,QQQ,614.35,617.43,611.36,614.41,0.0
2025-12-12 20:00:00+00:00,QQQ,614.41,614.87,612.02,613.57,0.0
2025-12-15 14:30:00+00:00,QQQ,618.38,618.42,609.32,612.16,0.0
2025-12-15 16:00:00+00:00,QQQ,612.16,614.91,610.42,612.1,0.0
2025-12-15 20:00:00+00:00,QQQ,612.1,612.23,610.41,610.49,0.0
2025-12-16 14:30:00+00:00,QQQ,608.24,612.49,606.96,610.43,0.0
2025-12-16 16:00:00+00:00,QQQ,610.43,611.22,606.91,610.46,0.0
2025-12-16 20:00:00+00:00,QQQ,610.46,613.51,610.25,611.81,0.0
2025-12-17 14:30:00+00:00,QQQ,613.04,613.65,603.9,604.5,0.0
2025-12-17 16:00:00+00:00,QQQ,604.5,606.04,601.29,602.6,0.0
2025-12-17 20:00:00+00:00,QQQ,602.6,602.78,600.28,600.36,0.0
2025-12-18 14:30:00+00:00,QQQ,609.78,612.82,606.91,611.82,0.0
2025-12-18 16:00:00+00:00,QQQ,611.82,612.93,607.51,608.1,0.0
2025-12-18 20:00:00+00:00,QQQ,608.1,611.28,607.71,609.15,0.0
2025-12-19 14:30:00+00:00,QQQ,612.01,617.63,611.87,614.81,0.0
2025-12-19 16:00:00+00:00,QQQ,614.81,617.51,614.23,616.89,0.0
2025-12-19 20:00:00+00:00,QQQ,616.89,617.48,616.43,617.23,0.0
2025-12-22 14:30:00+00:00,QQQ,621.35,621.65,617.77,618.86,0.0
2025-12-22 16:00:00+00:00,QQQ,618.86,620.08,618.81,619.19,0.0
2025-12-22 20:00:00+00:00,QQQ,619.19,619.5,618.92,619.15,0.0
2025-12-23 14:30:00+00:00,QQQ,618.2,620.72,617.78,620.25,0.0
2025-12-23 16:00:00+00:00,QQQ,620.25,621.88,620.13,621.81,0.0
2025-12-23 20:00:00+00:00,QQQ,621.81,622.41,621.76,622.21,0.0
2025-12-24 14:30:00+00:00,QQQ,622.03,623.08,621.71,622.8,0.0
2025-12-24 16:00:00+00:00,QQQ,622.8,624.28,622.77,623.94,0.0
2025-12-26 14:30:00+00:00,QQQ,624.66,625.52,623.13,624.72,0.0
2025-12-26 16:00:00+00:00,QQQ,624.72,625.0,623.5,624.49,0.0
2025-12-26 20:00:00+00:00,QQQ,624.49,624.5,623.67,623.85,0.0
2025-12-29 14:30:00+00:00,QQQ,620.12,622.78,619.03,620.01,0.0
2025-12-29 16:00:00+00:00,QQQ,620.01,621.7,618.72,621.5,0.0
2025-12-29 20:00:00+00:00,QQQ,621.5,621.51,620.61,620.88,0.0
2025-12-30 14:30:00+00:00,QQQ,619.82,621.75,619.37,621.03,0.0
2025-12-30 16:00:00+00:00,QQQ,621.03,622.19,620.01,620.31,0.0
2025-12-30 20:00:00+00:00,QQQ,620.31,620.44,619.21,619.4,0.0
2025-12-31 14:30:00+00:00,QQQ,619.63,619.96,616.45,616.73,0.0
2025-12-31 16:00:00+00:00,QQQ,616.73,618.61,616.18,616.3,0.0
2025-12-31 20:00:00+00:00,QQQ,616.3,616.38,614.05,614.28,0.0
2026-01-02 14:30:00+00:00,QQQ,620.08,622.83,612.3,612.67,0.0
2026-01-02 16:00:00+00:00,QQQ,612.67,614.7,610.14,613.37,0.0
2026-01-02 20:00:00+00:00,QQQ,613.37,614.56,612.6,613.1,0.0
2026-01-05 14:30:00+00:00,QQQ,619.32,620.39,616.72,619.78,0.0
2026-01-05 16:00:00+00:00,QQQ,619.78,620.82,617.03,617.71,0.0
2026-01-05 20:00:00+00:00,QQQ,617.71,618.58,617.44,617.97,0.0
2026-01-06 14:30:00+00:00,QQQ,619.22,622.6,618.54,620.44,0.0
2026-01-06 16:00:00+00:00,QQQ,620.44,623.62,619.29,623.29,0.0
2026-01-06 20:00:00+00:00,QQQ,623.29,624.03,623.13,623.47,0.0
2026-01-07 14:30:00+00:00,QQQ,623.03,625.91,622.56,625.78,0.0
2026-01-07 16:00:00+00:00,QQQ,625.78,627.95,625.14,625.73,0.0
2026-01-07 20:00:00+00:00,QQQ,625.73,625.99,623.61,624.05,0.0
2026-01-08 14:30:00+00:00,QQQ,623.0,623.42,617.79,620.55,0.0
2026-01-08 16:00:00+00:00,QQQ,620.55,620.99,618.11,619.28,0.0
2026-01-08 20:00:00+00:00,QQQ,619.28,620.85,619.08,620.44,0.0
2026-01-09 14:30:00+00:00,QQQ,621.39,625.34,619.06,623.76,0.0
2026-01-09 16:00:00+00:00,QQQ,623.76,627.59,623.74,627.13,0.0
2026-01-09 20:00:00+00:00,QQQ,627.13,627.9,626.62,626.66,0.0
2026-01-12 14:30:00+00:00,QQQ,622.28,626.76,622.26,626.33,0.0
2026-01-12 16:00:00+00:00,QQQ,626.33,628.75,625.98,628.71,0.0
2026-01-12 20:00:00+00:00,QQQ,628.71,628.85,627.17,627.19,0.0
2026-01-13 14:30:00+00:00,QQQ,627.25,629.48,623.88,625.94,0.0
2026-01-13 16:00:00+00:00,QQQ,625.94,629.05,624.13,625.24,0.0
2026-01-13 20:00:00+00:00,QQQ,625.24,626.29,623.69,626.12,0.0
2026-01-14 14:30:00+00:00,QQQ,622.26,623.46,615.75,616.25,0.0
2026-01-14 16:00:00+00:00,QQQ,616.25,618.64,614.56,616.44,0.0
2026-01-14 20:00:00+00:00,QQQ,616.44,619.81,615.52,619.62,0.0
2026-01-15 14:30:00+00:00,QQQ,626.61,627.27,623.75,625.69,0.0
2026-01-15 16:00:00+00:00,QQQ,625.69,626.96,622.35,622.62,0.0
2026-01-15 20:00:00+00:00,QQQ,622.62,622.96,620.79,621.65,0.0
2026-01-16 14:30:00+00:00,QQQ,625.53,626.08,618.88,621.03,0.0
2026-01-16 16:00:00+00:00,QQQ,621.03,622.71,620.31,621.81,0.0
2026-01-16 20:00:00+00:00,QQQ,621.81,622.12,620.96,621.06,0.0
2026-01-20 14:30:00+00:00,QQQ,610.5,614.79,610.32,613.49,0.0
2026-01-20 16:00:00+00:00,QQQ,613.49,615.06,607.78,608.78,0.0
2026-01-20 20:00:00+00:00,QQQ,608.78,608.8,607.05,608.06,0.0
2026-01-21 14:30:00+00:00,QQQ,609.49,616.5,607.86,616.06,0.0
2026-01-21 16:00:00+00:00,QQQ,616.06,620.23,608.21,620.1,0.0
2026-01-21 20:00:00+00:00,QQQ,620.1,620.42,615.5,616.1,0.0
2026-01-22 14:30:00+00:00,QQQ,622.38,622.4,617.78,619.44,0.0
2026-01-22 16:00:00+00:00,QQQ,619.44,622.2,619.37,620.24,0.0
2026-01-22 20:00:00+00:00,QQQ,620.24,620.83,618.9,620.75,0.0
2026-01-23 14:30:00+00:00,QQQ,619.7,624.98,618.65,624.95,0.0
2026-01-23 16:00:00+00:00,QQQ,624.95,625.4,621.53,623.11,0.0
2026-01-23 20:00:00+00:00,QQQ,623.11,623.27,621.73,622.78,0.0
2026-01-26 14:30:00+00:00,QQQ,623.2,626.76,622.11,626.34,0.0
2026-01-26 16:00:00+00:00,QQQ,626.34,627.6,625.61,626.32,0.0
2026-01-26 20:00:00+00:00,QQQ,626.32,626.69,625.4,625.48,0.0
2026-01-27 14:30:00+00:00,QQQ,628.91,631.65,627.33,631.18,0.0
2026-01-27 16:00:00+00:00,QQQ,631.18,631.84,630.22,631.51,0.0
2026-01-27 20:00:00+00:00,QQQ,631.51,632.05,630.92,631.08,0.0
2026-01-28 14:30:00+00:00,QQQ,635.48,636.59,633.22,633.3,0.0
2026-01-28 16:00:00+00:00,QQQ,633.3,634.45,631.81,633.25,0.0
2026-01-28 20:00:00+00:00,QQQ,633.25,634.5,632.58,632.99,0.0
2026-01-29 14:30:00+00:00,QQQ,632.66,633.68,618.26,619.26,0.0
2026-01-29 16:00:00+00:00,QQQ,619.26,627.07,618.33,625.86,0.0
2026-01-29 20:00:00+00:00,QQQ,625.86,629.98,625.65,629.34,0.0
2026-01-30 14:30:00+00:00,QQQ,625.68,628.25,624.16,625.88,0.0
2026-01-30 16:00:00+00:00,QQQ,625.88,626.54,619.28,621.42,0.0
2026-01-30 20:00:00+00:00,QQQ,621.42,623.15,619.31,621.85,0.0
2026-02-02 14:30:00+00:00,QQQ,618.69,627.61,618.65,625.87,0.0
2026-02-02 16:00:00+00:00,QQQ,625.87,628.49,624.98,626.03,0.0
2026-02-02 20:00:00+00:00,QQQ,626.03,627.34,625.42,626.24,0.0
2026-02-03 14:30:00+00:00,QQQ,628.26,628.7,617.07,620.6,0.0
2026-02-03 16:00:00+00:00,QQQ,620.6,620.66,610.95,613.35,0.0
2026-02-03 20:00:00+00:00,QQQ,613.35,616.78,612.2,616.47,0.0
2026-02-04 14:30:00+00:00,QQQ,615.05,615.08,608.28,609.38,0.0
2026-02-04 16:00:00+00:00,QQQ,609.38,609.85,600.47,608.32,0.0
2026-02-04 20:00:00+00:00,QQQ,608.32,608.63,605.21,605.64,0.0
2026-02-05 14:30:00+00:00,QQQ,600.22,604.83,594.91,596.95,0.0
2026-02-05 16:00:00+00:00,QQQ,596.95,603.06,594.79,598.8,0.0
2026-02-05 20:00:00+00:00,QQQ,598.8,601.11,595.29,597.05,0.0
2026-02-06 14:30:00+00:00,QQQ,600.21,605.61,598.76,603.47,0.0
2026-02-06 16:00:00+00:00,QQQ,603.47,609.0,603.1,607.72,0.0
2026-02-06 20:00:00+00:00,QQQ,607.72,611.42,607.35,609.59,0.0
2026-02-09 14:30:00+00:00,QQQ,607.51,614.06,605.06,613.64,0.0
2026-02-09 16:00:00+00:00,QQQ,613.64,616.47,613.5,615.77,0.0
2026-02-09 20:00:00+00:00,QQQ,615.77,616.12,614.21,614.33,0.0
2026-02-10 14:30:00+00:00,QQQ,615.31,617.03,612.4,615.27,0.0
2026-02-10 16:00:00+00:00,QQQ,615.27,615.9,612.79,613.34,0.0
2026-02-10 20:00:00+00:00,QQQ,613.34,613.4,611.0,611.49,0.0
2026-02-11 14:30:00+00:00,QQQ,616.41,617.53,607.67,612.22,0.0
2026-02-11 16:00:00+00:00,QQQ,612.22,614.99,609.73,613.75,0.0
2026-02-11 20:00:00+00:00,QQQ,613.75,614.07,612.84,613.0,0.0
2026-02-12 14:30:00+00:00,QQQ,614.74,615.83,606.52,606.61,0.0
2026-02-12 16:00:00+00:00,QQQ,606.61,607.11,601.53,603.88,0.0
2026-02-12 20:00:00+00:00,QQQ,603.88,604.22,599.56,600.58,0.0
2026-02-13 14:30:00+00:00,QQQ,600.39,604.9,596.41,602.02,0.0
2026-02-13 16:00:00+00:00,QQQ,602.02,606.48,600.86,603.01,0.0
2026-02-13 20:00:00+00:00,QQQ,603.01,603.93,600.08,601.8,0.0
2026-02-17 14:30:00+00:00,QQQ,598.37,602.21,593.33,596.98,0.0
2026-02-17 16:00:00+00:00,QQQ,596.98,603.96,596.8,602.17,0.0
2026-02-17 20:00:00+00:00,QQQ,602.17,602.83,600.25,601.22,0.0
2026-02-18 14:30:00+00:00,QQQ,602.11,609.09,600.72,608.79,0.0
2026-02-18 16:00:00+00:00,QQQ,608.79,609.78,603.4,603.9,0.0
2026-02-18 20:00:00+00:00,QQQ,603.9,606.68,603.24,605.71,0.0
2026-02-19 14:30:00+00:00,QQQ,602.79,605.62,601.09,604.97,0.0
2026-02-19 16:00:00+00:00,QQQ,604.97,605.82,600.74,601.55,0.0
2026-02-19 20:00:00+00:00,QQQ,601.55,603.57,601.42,603.49,0.0
2026-02-20 14:30:00+00:00,QQQ,600.12,610.06,599.23,609.87,0.0
2026-02-20 16:00:00+00:00,QQQ,609.87,610.36,604.09,607.51,0.0
2026-02-20 20:00:00+00:00,QQQ,607.51,608.9,607.31,608.78,0.0
2026-02-23 14:30:00+00:00,QQQ,606.61,608.02,600.73,600.86,0.0
2026-02-23 16:00:00+00:00,QQQ,600.86,602.71,599.04,599.61,0.0
2026-02-23 20:00:00+00:00,QQQ,599.61,601.54,599.3,601.46,0.0
2026-02-24 14:30:00+00:00,QQQ,602.37,607.84,599.72,606.51,0.0
2026-02-24 16:00:00+00:00,QQQ,606.51,608.98,606.34,607.61,0.0
2026-02-24 20:00:00+00:00,QQQ,607.61,608.83,606.97,607.83,0.0
2026-02-25 14:30:00+00:00,QQQ,611.09,615.89,611.01,614.34,0.0
2026-02-25 16:00:00+00:00,QQQ,614.34,616.37,614.04,616.13,0.0
2026-02-25 20:00:00+00:00,QQQ,616.13,616.83,615.75,616.52,0.0
2026-02-26 14:30:00+00:00,QQQ,615.57,615.57,603.97,607.3,0.0
2026-02-26 16:00:00+00:00,QQQ,607.3,609.67,604.61,608.8,0.0
2026-02-26 20:00:00+00:00,QQQ,608.8,609.55,607.86,609.28,0.0
2026-02-27 14:30:00+00:00,QQQ,602.98,607.91,602.19,607.08,0.0
2026-02-27 16:00:00+00:00,QQQ,607.08,608.33,604.42,604.9,0.0
2026-02-27 20:00:00+00:00,QQQ,604.9,608.03,604.87,607.4,0.0
2026-03-02 14:30:00+00:00,QQQ,598.88,606.48,598.0,605.69,0.0
2026-03-02 16:00:00+00:00,QQQ,605.69,609.92,603.95,609.5,0.0
2026-03-02 20:00:00+00:00,QQQ,609.5,609.7,606.25,608.07,0.0
2026-03-03 14:30:00+00:00,QQQ,596.3,599.4,591.86,594.19,0.0
2026-03-03 16:00:00+00:00,QQQ,594.19,603.96,593.93,602.42,0.0
2026-03-03 20:00:00+00:00,QQQ,602.42,603.24,600.73,601.68,0.0
2026-03-04 14:30:00+00:00,QQQ,604.11,611.18,603.43,610.71,0.0
2026-03-04 16:00:00+00:00,QQQ,610.71,612.88,608.9,612.22,0.0
2026-03-04 20:00:00+00:00,QQQ,612.22,612.37,610.41,610.59,0.0
2026-03-05 14:30:00+00:00,QQQ,607.41,612.76,606.06,609.7,0.0
2026-03-05 16:00:00+00:00,QQQ,609.7,610.69,602.26,604.3,0.0
2026-03-05 20:00:00+00:00,QQQ,604.3,609.13,603.53,608.91,0.0
2026-03-06 14:30:00+00:00,QQQ,600.32,605.35,598.54,604.51,0.0
2026-03-06 16:00:00+00:00,QQQ,604.51,605.99,601.72,603.26,0.0
2026-03-06 20:00:00+00:00,QQQ,603.26,604.36,598.36,599.83,0.0
2026-03-09 13:30:00+00:00,QQQ,594.24,599.68,591.33,599.31,0.0
2026-03-09 16:00:00+00:00,QQQ,599.31,609.25,597.63,607.75,0.0
2026-03-10 13:30:00+00:00,QQQ,607.76,612.41,605.42,611.6,0.0
2026-03-10 16:00:00+00:00,QQQ,611.6,613.29,606.56,607.66,0.0
2026-03-11 13:30:00+00:00,QQQ,608.95,612.45,605.5,606.52,0.0
2026-03-11 16:00:00+00:00,QQQ,606.52,608.71,605.03,607.74,0.0
2026-03-12 13:30:00+00:00,QQQ,602.73,604.15,597.52,600.07,0.0
2026-03-12 16:00:00+00:00,QQQ,600.07,601.75,597.04,597.34,0.0
2026-03-13 13:30:00+00:00,QQQ,599.76,603.59,593.58,593.98,0.0
2026-03-13 16:00:00+00:00,QQQ,593.98,595.93,592.56,593.7,0.0
2026-03-16 13:30:00+00:00,QQQ,600.0,602.6,599.14,600.47,0.0
2026-03-16 16:00:00+00:00,QQQ,600.47,603.86,599.11,600.32,0.0
2026-03-17 13:30:00+00:00,QQQ,603.17,605.9,601.96,602.9,0.0
2026-03-17 16:00:00+00:00,QQQ,602.9,604.54,601.87,603.38,0.0
2026-03-18 13:30:00+00:00,QQQ,601.5,603.17,598.7,600.77,0.0
2026-03-18 16:00:00+00:00,QQQ,600.77,601.17,594.56,594.77,0.0
2026-03-19 13:30:00+00:00,QQQ,589.54,593.13,587.07,590.68,0.0
2026-03-19 16:00:00+00:00,QQQ,590.68,595.81,588.36,592.98,0.0
2026-03-20 13:30:00+00:00,QQQ,591.11,591.16,584.97,586.9,0.0
2026-03-20 16:00:00+00:00,QQQ,586.9,587.94,578.54,582.09,0.0
2026-03-23 13:30:00+00:00,QQQ,590.48,595.08,587.49,587.74,0.0
2026-03-23 16:00:00+00:00,QQQ,587.74,591.52,585.97,588.19,0.0
2026-03-24 13:30:00+00:00,QQQ,584.82,587.92,581.93,585.78,0.0
2026-03-24 16:00:00+00:00,QQQ,585.78,587.04,582.58,583.9,0.0
2026-03-25 13:30:00+00:00,QQQ,589.11,591.38,585.68,587.86,0.0
2026-03-25 16:00:00+00:00,QQQ,587.86,590.58,586.25,587.73,0.0
2026-03-26 13:30:00+00:00,QQQ,582.62,584.62,579.73,581.08,0.0
2026-03-26 16:00:00+00:00,QQQ,581.08,581.29,573.43,573.7,0.0
2026-03-27 13:30:00+00:00,QQQ,570.81,571.03,565.65,568.3,0.0
2026-03-27 16:00:00+00:00,QQQ,568.3,568.47,561.56,562.51,0.0
2026-03-30 13:30:00+00:00,QQQ,567.33,568.06,561.36,564.05,0.0
2026-03-30 16:00:00+00:00,QQQ,564.05,564.2,555.59,558.29,0.0
2026-03-31 13:30:00+00:00,QQQ,564.29,569.21,564.2,565.87,0.0
2026-03-31 16:00:00+00:00,QQQ,565.87,578.65,565.6,577.16,0.0
2026-04-01 13:30:00+00:00,QQQ,581.52,587.19,580.41,586.88,0.0
2026-04-01 16:00:00+00:00,QQQ,586.88,587.74,582.32,584.29,0.0
2026-04-02 13:30:00+00:00,QQQ,573.93,585.97,571.91,582.85,0.0
2026-04-02 16:00:00+00:00,QQQ,582.85,585.09,580.97,584.99,0.0
2026-04-06 13:30:00+00:00,QQQ,586.17,590.63,585.72,587.56,0.0
2026-04-06 16:00:00+00:00,QQQ,587.56,588.83,584.69,588.51,0.0
2026-04-07 13:30:00+00:00,QQQ,585.62,587.08,578.4,582.41,0.0
2026-04-07 16:00:00+00:00,QQQ,582.41,588.97,581.65,588.71,0.0
2026-04-08 13:30:00+00:00,QQQ,608.67,609.88,602.13,605.79,0.0
2026-04-08 16:00:00+00:00,QQQ,605.79,607.71,602.56,605.88,0.0
2026-04-09 13:30:00+00:00,QQQ,605.92,608.76,603.03,608.56,0.0
2026-04-09 16:00:00+00:00,QQQ,608.56,610.51,607.53,610.06,0.0
2026-04-10 13:30:00+00:00,QQQ,611.8,613.68,610.13,610.61,0.0
2026-04-10 16:00:00+00:00,QQQ,610.61,611.5,609.57,611.01,0.0
2026-04-13 13:30:00+00:00,QQQ,609.44,612.87,608.1,611.71,0.0
2026-04-13 16:00:00+00:00,QQQ,611.71,617.59,611.07,617.3,0.0
2026-04-14 13:30:00+00:00,QQQ,620.21,626.03,620.19,625.44,0.0
2026-04-14 16:00:00+00:00,QQQ,625.44,628.61,625.38,628.56,0.0
2026-04-15 13:30:00+00:00,QQQ,629.11,633.74,628.2,633.27,0.0
2026-04-15 16:00:00+00:00,QQQ,633.27,637.67,630.95,637.37,0.0
2026-04-16 13:30:00+00:00,QQQ,639.23,641.66,635.25,641.5,0.0
2026-04-16 16:00:00+00:00,QQQ,641.5,642.19,637.18,640.4,0.0
2026-04-17 13:30:00+00:00,QQQ,645.51,649.9,644.06,648.14,0.0
2026-04-17 16:00:00+00:00,QQQ,648.14,650.0,646.5,648.73,0.0
2026-04-20 13:30:00+00:00,QQQ,648.0,648.76,642.52,644.66,0.0
2026-04-20 16:00:00+00:00,QQQ,644.66,646.93,644.22,646.77,0.0
2026-04-21 13:30:00+00:00,QQQ,648.38,650.22,644.85,646.51,0.0
2026-04-21 16:00:00+00:00,QQQ,646.51,647.84,642.21,644.3,0.0
2026-04-22 13:30:00+00:00,QQQ,650.17,653.22,648.52,652.55,0.0
2026-04-22 16:00:00+00:00,QQQ,652.55,655.34,652.03,655.09,0.0
2026-04-23 13:30:00+00:00,QQQ,653.56,656.92,652.32,655.41,0.0
2026-04-23 16:00:00+00:00,QQQ,655.41,656.03,645.51,651.41,0.0
2026-04-24 13:30:00+00:00,QQQ,658.49,663.44,656.53,662.91,0.0
2026-04-24 16:00:00+00:00,QQQ,662.91,664.52,662.05,663.93,0.0
2026-04-27 13:30:00+00:00,QQQ,663.42,663.93,660.68,662.34,0.0
2026-04-27 16:00:00+00:00,QQQ,662.34,664.42,661.89,664.26,0.0
2026-04-28 13:30:00+00:00,QQQ,657.5,659.64,653.81,654.84,0.0
2026-04-28 16:00:00+00:00,QQQ,654.84,658.97,654.25,657.57,0.0
2026-04-29 13:30:00+00:00,QQQ,658.61,661.23,656.57,659.36,0.0
2026-04-29 16:00:00+00:00,QQQ,659.36,661.71,657.28,661.62,0.0
2026-04-30 13:30:00+00:00,QQQ,665.5,665.51,657.55,662.98,0.0
2026-04-30 16:00:00+00:00,QQQ,662.98,668.74,662.03,667.57,0.0
2026-05-01 13:30:00+00:00,QQQ,669.12,675.97,668.81,675.36,0.0
2026-05-01 16:00:00+00:00,QQQ,675.36,675.67,673.09,674.14,0.0
2026-05-04 13:30:00+00:00,QQQ,674.64,676.74,670.86,671.77,0.0
2026-05-04 16:00:00+00:00,QQQ,671.77,673.79,668.91,672.86,0.0
2026-05-05 13:30:00+00:00,QQQ,677.96,681.81,677.52,681.32,0.0
2026-05-05 16:00:00+00:00,QQQ,681.32,682.77,680.42,681.53,0.0
2026-05-06 13:30:00+00:00,QQQ,687.75,692.47,686.47,691.88,0.0
2026-05-06 16:00:00+00:00,QQQ,691.88,695.93,690.72,695.57,0.0
2026-05-07 13:30:00+00:00,QQQ,696.56,701.23,695.54,697.36,0.0
2026-05-07 16:00:00+00:00,QQQ,697.36,697.46,691.78,694.9,0.0
2026-05-08 13:30:00+00:00,QQQ,699.89,708.03,699.5,707.4,0.0
2026-05-08 16:00:00+00:00,QQQ,707.4,711.15,707.38,711.12,0.0
2026-05-11 13:30:00+00:00,QQQ,710.31,714.4,708.92,714.18,0.0
2026-05-11 16:00:00+00:00,QQQ,714.18,714.58,711.87,713.33,0.0
2026-05-12 13:30:00+00:00,QQQ,708.16,710.18,698.8,699.03,0.0
2026-05-12 16:00:00+00:00,QQQ,699.03,707.55,696.65,707.19,0.0
2026-05-13 13:30:00+00:00,QQQ,709.98,712.32,704.84,710.54,0.0
2026-05-13 16:00:00+00:00,QQQ,710.54,716.65,710.29,714.49,0.0
2026-05-14 13:30:00+00:00,QQQ,714.61,721.81,714.21,721.38,0.0
2026-05-14 16:00:00+00:00,QQQ,721.38,722.03,717.54,719.72,0.0
2026-05-15 13:30:00+00:00,QQQ,710.09,712.66,705.55,710.2,0.0
2026-05-15 16:00:00+00:00,QQQ,710.2,715.14,708.38,708.92,0.0
2026-05-18 13:30:00+00:00,QQQ,711.58,712.05,701.95,703.28,0.0
2026-05-18 16:00:00+00:00,QQQ,703.28,706.11,698.85,705.73,0.0
2026-05-19 13:30:00+00:00,QQQ,699.81,705.11,695.26,698.98,0.0
2026-05-19 16:00:00+00:00,QQQ,698.98,706.5,698.39,701.55,0.0
2026-05-20 13:30:00+00:00,QQQ,705.34,713.12,703.76,711.6,0.0
2026-05-20 16:00:00+00:00,QQQ,711.6,713.13,708.61,713.11,0.0
2026-05-21 13:30:00+00:00,QQQ,708.94,711.88,706.77,710.16,0.0
2026-05-21 16:00:00+00:00,QQQ,710.16,717.12,708.77,714.48,0.0
2026-05-22 13:30:00+00:00,QQQ,718.06,721.35,715.94,720.67,0.0
2026-05-22 16:00:00+00:00,QQQ,720.67,722.12,716.92,717.41,0.0
2026-05-26 13:30:00+00:00,QQQ,725.97,731.18,724.14,726.56,0.0
2026-05-26 16:00:00+00:00,QQQ,726.56,731.02,726.4,730.23,0.0
2026-05-27 13:30:00+00:00,QQQ,732.99,733.09,725.45,726.81,0.0
2026-05-27 16:00:00+00:00,QQQ,726.81,730.07,725.84,729.49,0.0
2026-05-28 13:30:00+00:00,QQQ,729.72,735.42,726.46,734.71,0.0
2026-05-28 16:00:00+00:00,QQQ,734.71,736.59,734.1,735.57,0.0
2026-05-29 13:30:00+00:00,QQQ,737.81,741.6,735.23,737.49,0.0
2026-05-29 16:00:00+00:00,QQQ,737.49,739.54,735.77,738.29,0.0
2026-06-01 13:30:00+00:00,QQQ,737.09,742.29,735.99,741.04,0.0
2026-06-01 16:00:00+00:00,QQQ,741.04,745.65,739.83,742.69,0.0
2026-06-02 13:30:00+00:00,QQQ,742.44,745.89,739.24,745.7,0.0
2026-06-02 16:00:00+00:00,QQQ,745.7,746.45,743.5,746.12,0.0
2026-06-03 13:30:00+00:00,QQQ,747.34,748.64,741.03,743.66,0.0
2026-06-03 16:00:00+00:00,QQQ,743.66,745.76,741.26,744.25,0.0
2026-06-04 13:30:00+00:00,QQQ,735.5,740.28,732.62,738.95,0.0
2026-06-04 16:00:00+00:00,QQQ,738.95,743.49,738.49,740.49,0.0
2026-06-05 13:30:00+00:00,QQQ,730.06,731.64,719.85,720.96,0.0
2026-06-05 16:00:00+00:00,QQQ,720.96,720.99,704.32,705.3,0.0
2026-06-08 13:30:00+00:00,QQQ,717.82,723.04,713.1,719.84,0.0
2026-06-08 16:00:00+00:00,QQQ,719.84,721.81,714.21,716.02,0.0
2026-06-09 13:30:00+00:00,QQQ,723.03,725.66,697.41,697.72,0.0
2026-06-09 16:00:00+00:00,QQQ,697.72,708.61,686.38,707.92,0.0
2026-06-10 13:30:00+00:00,QQQ,701.62,711.27,696.18,701.69,0.0
2026-06-10 16:00:00+00:00,QQQ,701.69,702.64,692.93,693.73,0.0
2026-06-11 13:30:00+00:00,QQQ,699.27,706.42,695.0,701.76,0.0
2026-06-11 16:00:00+00:00,QQQ,701.76,718.4,697.43,716.48,0.0
2026-06-12 13:30:00+00:00,QQQ,717.65,724.01,711.28,716.29,0.0
2026-06-12 16:00:00+00:00,QQQ,716.29,723.81,715.58,721.29,0.0
2026-06-15 13:30:00+00:00,QQQ,738.04,744.17,737.4,743.97,0.0
2026-06-15 16:00:00+00:00,QQQ,743.97,744.76,742.43,743.76,0.0
2026-06-16 13:30:00+00:00,QQQ,742.3,744.22,732.52,733.98,0.0
2026-06-16 16:00:00+00:00,QQQ,733.98,736.53,729.64,729.83,0.0
2026-06-17 13:30:00+00:00,QQQ,735.26,735.66,729.53,733.43,0.0
2026-06-17 16:00:00+00:00,QQQ,733.43,735.38,720.85,722.47,0.0
2026-06-18 13:30:00+00:00,QQQ,737.17,739.14,732.52,738.3,0.0
2026-06-18 16:00:00+00:00,QQQ,738.3,741.79,737.99,739.68,0.0
2026-06-22 13:30:00+00:00,QQQ,741.98,745.44,735.36,735.7,0.0
2026-06-22 16:00:00+00:00,QQQ,735.7,738.5,734.39,738.03,0.0
2026-06-23 13:30:00+00:00,QQQ,715.8,723.61,713.27,717.53,0.0
2026-06-23 16:00:00+00:00,QQQ,717.53,720.29,712.11,713.71,0.0
2026-06-24 13:30:00+00:00,QQQ,715.44,719.92,710.86,716.32,0.0
2026-06-24 16:00:00+00:00,QQQ,716.32,717.5,704.44,710.61,0.0
2026-06-25 13:30:00+00:00,QQQ,725.85,726.83,705.3,714.07,0.0
2026-06-25 16:00:00+00:00,QQQ,714.07,719.64,712.29,716.26,0.0
2026-06-26 13:30:00+00:00,QQQ,707.18,715.56,702.83,713.22,0.0
2026-06-26 16:00:00+00:00,QQQ,713.22,715.16,705.18,705.77,0.0
2026-06-29 13:30:00+00:00,QQQ,713.93,719.07,705.18,718.89,0.0
2026-06-29 16:00:00+00:00,QQQ,718.89,724.58,718.79,723.99,0.0
2026-06-30 13:30:00+00:00,QQQ,724.21,734.71,723.91,734.21,0.0
2026-06-30 16:00:00+00:00,QQQ,734.21,737.62,734.03,735.85,0.0
2026-07-01 13:30:00+00:00,QQQ,729.22,731.91,725.51,729.46,0.0
2026-07-01 16:00:00+00:00,QQQ,729.46,730.15,724.61,725.14,0.0
2026-07-02 13:30:00+00:00,QQQ,725.56,730.81,714.29,715.88,0.0
2026-07-02 16:00:00+00:00,QQQ,715.88,716.15,707.56,712.74,0.0
2026-07-06 13:30:00+00:00,QQQ,719.88,725.83,718.46,725.58,0.0
2026-07-06 16:00:00+00:00,QQQ,725.58,726.07,721.03,722.65,0.0
2026-07-07 13:30:00+00:00,QQQ,714.18,716.34,704.9,709.21,0.0
2026-07-07 16:00:00+00:00,QQQ,709.21,713.88,706.41,709.5,0.0
2026-07-08 13:30:00+00:00,QQQ,704.9,709.79,700.92,702.41,0.0
2026-07-08 16:00:00+00:00,QQQ,702.41,712.25,702.35,711.28,0.0
2026-07-09 13:30:00+00:00,QQQ,718.31,722.74,715.13,721.66,0.0
2026-07-09 16:00:00+00:00,QQQ,721.66,724.23,721.12,723.2,0.0
2026-07-10 13:30:00+00:00,QQQ,720.75,724.35,716.99,723.26,0.0
2026-07-10 16:00:00+00:00,QQQ,723.26,726.39,723.25,725.54,0.0
2026-07-13 13:30:00+00:00,QQQ,717.76,718.75,712.54,715.36,0.0
2026-07-13 16:00:00+00:00,QQQ,715.36,715.99,710.08,711.75,0.0
2026-07-14 13:30:00+00:00,QQQ,720.17,722.28,714.33,719.64,0.0
2026-07-14 16:00:00+00:00,QQQ,719.64,721.86,717.71,719.67,0.0
2026-07-15 13:30:00+00:00,QQQ,723.83,724.36,713.58,714.73,0.0
2026-07-15 16:00:00+00:00,QQQ,714.73,718.58,710.21,717.68,0.0
2026-07-16 13:30:00+00:00,QQQ,712.04,713.62,707.05,710.22,0.0
2026-07-16 16:00:00+00:00,QQQ,710.22,710.31,702.6,706.0,0.0
2026-07-17 13:30:00+00:00,QQQ,691.61,699.86,686.77,699.49,0.0
2026-07-17 16:00:00+00:00,QQQ,699.49,702.26,694.22,695.36,0.0
2026-07-20 13:30:00+00:00,QQQ,702.19,705.8,698.09,702.38,0.0
2026-07-20 16:00:00+00:00,QQQ,702.38,704.02,695.52,695.97,0.0
2026-07-21 13:30:00+00:00,QQQ,706.57,708.99,702.79,707.53,0.0
2026-07-21 16:00:00+00:00,QQQ,707.53,710.05,707.42,708.91,0.0
